Overall Impression,Smoothness of Motion,Gait Analysis,Joint Movement Coordination,Balance and Stability,Responsiveness to Terrain Variations,Movement Predictability,Complex Movements,Naturalness of Motion,Improvement Suggestions
1,Rough,Somewhat Similar,Good,3,Responsive,Somewhat Predictable,Not Human-like,7,Improved Coordination
2,Smooth,Not Similar At All,Poor,1,Responsive,Unpredictable,Very Human-like,9,More Natural Posture
4,Smooth,Not Similar,Poor,3,Responsive,Very Predictable,Not Human-like At All,7,Better Balance
2,Rough,Not Similar At All,Poor,5,Moderately Responsive,Unpredictable,Very Human-like,2,Increased Responsiveness
1,Very Rough,Not Similar,Good,2,Moderately Responsive,Very Predictable,Human-like,1,Increased Responsiveness
3,Very Smooth,Somewhat Similar,Fair,5,Moderately Responsive,Somewhat Predictable,Human-like,5,More Fluidity
5,Very Smooth,Not Similar,Very Poor,5,Not Responsive At All,Very Predictable,Not Human-like At All,9,Improved Coordination
1,Very Rough,Very Similar,Poor,5,Responsive,Very Unpredictable,Very Human-like,10,Increased Responsiveness
5,Smooth,Similar,Excellent,2,Responsive,Unpredictable,Human-like,7,More Fluidity
4,Rough,Very Similar,Fair,1,Unresponsive,Unpredictable,Very Human-like,2,Better Balance
5,Very Smooth,Not Similar,Very Poor,2,Highly Responsive,Somewhat Predictable,Not Human-like At All,9,Improved Coordination
3,Moderate,Not Similar At All,Excellent,4,Not Responsive At All,Predictable,Not Human-like,8,More Natural Posture
2,Smooth,Very Similar,Excellent,3,Unresponsive,Unpredictable,Not Human-like At All,9,More Fluidity
2,Very Rough,Somewhat Similar,Fair,1,Unresponsive,Unpredictable,Somewhat Human-like,7,More Natural Posture
5,Very Smooth,Not Similar,Very Poor,5,Not Responsive At All,Predictable,Very Human-like,9,Increased Responsiveness
5,Very Smooth,Somewhat Similar,Very Poor,1,Not Responsive At All,Somewhat Predictable,Very Human-like,7,Increased Responsiveness
2,Very Smooth,Somewhat Similar,Excellent,4,Highly Responsive,Somewhat Predictable,Very Human-like,9,Increased Responsiveness
2,Very Rough,Not Similar,Excellent,3,Responsive,Unpredictable,Very Human-like,3,More Natural Posture
1,Very Smooth,Similar,Very Poor,1,Moderately Responsive,Very Predictable,Somewhat Human-like,7,Increased Responsiveness
5,Moderate,Not Similar,Good,5,Not Responsive At All,Very Predictable,Not Human-like,7,More Natural Posture
